{"pitch": [-2.1833520262343624, 7.065894251147457, 239.36834355906595, 80.4018898092954], "energy": [-1.2083513736724854, 4.4951395988464355, 56.03090090646312, 46.36971076609208]}