{"pitch": [-2.839127095774397, 11.021678951644757, 215.83998184234935, 53.60106124352608], "energy": [-1.6212671995162964, 6.77419376373291, 59.41807217538053, 36.614644926306234]}